[{"success": 0, "all": 0, "fail": 0, "skip": 0, "error": 0, "runtime": "0.00 S", "begin_time": "2022-09-20 18:03:08", "pass_rate": 0}, {"success": 1, "all": 1, "fail": 0, "skip": 0, "error": 0, "runtime": "7.10 S", "begin_time": "2022-09-20 18:03:40", "pass_rate": "100.00"}, {"success": 1, "all": 1, "fail": 0, "skip": 0, "error": 0, "runtime": "12.98 S", "begin_time": "2023-04-23 00:20:55", "pass_rate": "100.00"}, {"success": 1, "all": 1, "fail": 0, "skip": 0, "error": 0, "runtime": "9.46 S", "begin_time": "2023-04-23 00:21:57", "pass_rate": "100.00"}, {"success": 1, "all": 1, "fail": 0, "skip": 0, "error": 0, "runtime": "12.98 S", "begin_time": "2023-04-23 00:32:46", "pass_rate": "100.00"}, {"success": 0, "all": 1, "fail": 0, "skip": 0, "error": 1, "runtime": "34.86 S", "begin_time": "2023-11-01 21:50:55", "pass_rate": "0.00"}, {"success": 0, "all": 1, "fail": 0, "skip": 0, "error": 1, "runtime": "34.16 S", "begin_time": "2024-07-08 01:26:42", "pass_rate": "0.00"}, {"success": 0, "all": 1, "fail": 0, "skip": 0, "error": 1, "runtime": "108.77 S", "begin_time": "2024-09-03 15:22:18", "pass_rate": "0.00"}, {"success": 0, "all": 1, "fail": 0, "skip": 0, "error": 1, "runtime": "13.57 S", "begin_time": "2024-09-03 15:31:28", "pass_rate": "0.00"}, {"success": 0, "all": 1, "fail": 0, "skip": 0, "error": 1, "runtime": "14.60 S", "begin_time": "2024-09-03 16:29:32", "pass_rate": "0.00"}, {"success": 0, "all": 1, "fail": 0, "skip": 0, "error": 1, "runtime": "54.43 S", "begin_time": "2024-09-03 16:44:50", "pass_rate": "0.00"}, {"success": 0, "all": 1, "fail": 0, "skip": 0, "error": 1, "runtime": "1.00 S", "begin_time": "2024-09-03 17:06:35", "pass_rate": "0.00"}, {"success": 0, "all": 1, "fail": 0, "skip": 0, "error": 1, "runtime": "1.01 S", "begin_time": "2024-09-03 17:06:54", "pass_rate": "0.00"}, {"success": 0, "all": 1, "fail": 0, "skip": 0, "error": 1, "runtime": "1.02 S", "begin_time": "2024-09-03 17:06:59", "pass_rate": "0.00"}, {"success": 0, "all": 1, "fail": 0, "skip": 0, "error": 1, "runtime": "36.21 S", "begin_time": "2024-09-03 17:47:02", "pass_rate": "0.00"}]